query_name,execution_time_seconds,cardinality_bound
p2,0.002144,228.0
p2,0.002901,5134.030009920634
p2,0.001658,228.0
p2,0.002237,228.0
p2,0.002328,5134.030009920634
p2,0.002754,228.0
p2,0.002265,5134.030009920634
safebound_init,0.466791,-
