query_name,execution_time_seconds,cardinality_bound
p2,0.000867,228.0
p2,0.00151,228.0
p2,0.001108,228.0
p2,0.0009,228.0
p2,0.001054,5134.030009920634
p2,0.001056,228.0
p2,0.00171,228.0
p2,0.001268,228.0
p2,0.001165,228.0
p2,0.001204,228.0
p2,0.00114,228.0
p2,0.001268,5134.030009920634
p2,0.000917,228.0
p2,0.000832,5134.030009920634
